<?xml version="1.0" encoding="UTF-8"?>
<!DOCTYPE mapper PUBLIC "-//mybatis.org//DTD Mapper 3.0//EN" "http://mybatis.org/dtd/mybatis-3-mapper.dtd">
<mapper namespace="com.cpt202g33.meetingbooking.mapper.BookingMapper">

    <!-- 结果映射，将查询结果映射到BookingListWithNameVO对象 -->
    <resultMap id="BookingListWithNameVOMap" type="com.cpt202g33.meetingbooking.model.vo.BookingListWithNameVO">
        <id column="booking_id" property="booking_id" />
        <result column="user_id" property="user_id" />
        <result column="room_id" property="room_id" />
        <result column="subject" property="subject" />
        <result column="start_time" property="start_time" />
        <result column="end_time" property="end_time" />
        <result column="status" property="status" />
        <result column="reviewer_id" property="reviewer_id" />
        <result column="admin_reply" property="admin_reply" />
        <result column="review_time" property="review_time" />
        <result column="created_at" property="created_at" />
        <result column="updated_at" property="updated_at" />
        <result column="username" property="username" />
        <result column="room_name" property="room_name" />
    </resultMap>
    
    <!-- 使用MyBatis-Plus的方式实现动态SQL -->
    <select id="selectBookingListWithConditions" resultMap="BookingListWithNameVOMap">
        SELECT b.*, u.username, r.room_name 
        FROM bookings b
        JOIN users u ON b.user_id = u.user_id
        JOIN rooms r ON b.room_id = r.room_id
        <where>
            <if test="status != null and status != '' and status != 'all'">
                AND b.status = #{status}
            </if>
        </where>
        ORDER BY b.start_time DESC
    </select>
    
    <!-- 使用MyBatis-Plus增强的复杂条件查询 -->
    <select id="selectBookingsWithComplexConditions" resultMap="BookingListWithNameVOMap">
        SELECT b.*, u.username, r.room_name 
        FROM bookings b
        JOIN users u ON b.user_id = u.user_id
        JOIN rooms r ON b.room_id = r.room_id
        <where>
            <if test="condition.status != null and condition.status != '' and condition.status != 'all'">
                AND b.status = #{condition.status}
            </if>
            <if test="condition.userId != null">
                AND b.user_id = #{condition.userId}
            </if>
            <if test="condition.username != null and condition.username != ''">
                AND u.username LIKE CONCAT('%', #{condition.username}, '%')
            </if>
            <if test="condition.roomId != null">
                AND b.room_id = #{condition.roomId}
            </if>
            <if test="condition.roomName != null and condition.roomName != ''">
                AND r.room_name LIKE CONCAT('%', #{condition.roomName}, '%')
            </if>
            <if test="condition.startTimeFrom != null">
                AND b.start_time >= #{condition.startTimeFrom}
            </if>
            <if test="condition.startTimeTo != null">
                AND b.start_time &lt;= #{condition.startTimeTo}
            </if>
        </where>
        <choose>
            <when test="condition.sortField != null and condition.sortField != ''">
                ORDER BY 
                <choose>
                    <when test="condition.sortField == 'start_time'">b.start_time</when>
                    <when test="condition.sortField == 'end_time'">b.end_time</when>
                    <when test="condition.sortField == 'created_at'">b.created_at</when>
                    <when test="condition.sortField == 'status'">b.status</when>
                    <otherwise>b.start_time</otherwise>
                </choose>
                <choose>
                    <when test="condition.sortOrder != null and (condition.sortOrder == 'asc' or condition.sortOrder == 'ASC')">ASC</when>
                    <otherwise>DESC</otherwise>
                </choose>
            </when>
            <otherwise>
                ORDER BY b.start_time DESC
            </otherwise>
        </choose>
    </select>
    
</mapper>