<?xml version="1.0" encoding="UTF-8"?>
<!DOCTYPE mapper
        PUBLIC "-//mybatis.org//DTD Mapper 3.0//EN"
        "http://mybatis.org/dtd/mybatis-3-mapper.dtd">
<mapper namespace="com.cpt202g33.meetingbooking.mapper.RoomMapper">

    <select id="querySelect" resultType="com.cpt202g33.meetingbooking.model.vo.RoomQueryResponse">
        SELECT
        r.room_id,
        r.room_name,
        r.type_id,
        r.building_id,
        JSON_UNQUOTE(JSON_EXTRACT(r.facilities, '$')) AS facilities_string, <!-- 提取并转换JSON数组为字符串 -->
        r.image_url,
        r.created_at,
        r.updated_at,
        r.is_deleted,
        rt.capacity,
        rt.type_name,
        rt.description as room_type_description,
        b.name as building_name
        FROM rooms r
        LEFT JOIN room_types rt ON r.type_id = rt.type_id
        LEFT JOIN buildings b ON r.building_id = b.building_id
        WHERE r.is_deleted = 0
        <if test="req.capacityMin != null">
            AND rt.capacity &gt;= #{req.capacityMin}
        </if>
        <if test="req.capacityMax != null">
            AND rt.capacity &lt;= #{req.capacityMax}
        </if>
        <if test="req.building_id != null">
            AND r.building_id = #{req.building_id}
        </if>
        <if test="req.room_name != null and req.room_name.trim() != ''">
            AND r.room_name LIKE CONCAT('%', #{req.room_name}, '%')
        </if>
        <if test="req.facility != null">
            AND LOWER(JSON_UNQUOTE(JSON_EXTRACT(r.facilities, '$'))) LIKE LOWER(CONCAT('%', #{req.facility}, '%'))
        </if>
    </select>

</mapper>
